study,cell_id,pair_id,method,spec,vce,N,T,missp,R,B,grid,gridci
A,1,A_N200_T10_jump_bal,fd,jump,robust,200,10,0,400,0,199,0
A,2,A_N200_T10_jump_bal,fd,jump,windmeijer,200,10,0,400,0,199,0
A,3,A_N200_T10_jump_bal,fod,jump,robust,200,10,0,400,0,199,0
A,4,A_N200_T10_jump_bal,fod,jump,windmeijer,200,10,0,400,0,199,0
A,5,A_N200_T10_jump_gap,fd,jump,robust,200,10,0.3,400,0,199,0
A,6,A_N200_T10_jump_gap,fd,jump,windmeijer,200,10,0.3,400,0,199,0
A,7,A_N200_T10_jump_gap,fod,jump,robust,200,10,0.3,400,0,199,0
A,8,A_N200_T10_jump_gap,fod,jump,windmeijer,200,10,0.3,400,0,199,0
A,9,A_N200_T10_kink_bal,fd,kink,robust,200,10,0,400,0,199,0
A,10,A_N200_T10_kink_bal,fd,kink,windmeijer,200,10,0,400,0,199,0
A,11,A_N200_T10_kink_bal,fod,kink,robust,200,10,0,400,0,199,0
A,12,A_N200_T10_kink_bal,fod,kink,windmeijer,200,10,0,400,0,199,0
A,13,A_N200_T10_kink_gap,fd,kink,robust,200,10,0.3,400,0,199,0
A,14,A_N200_T10_kink_gap,fd,kink,windmeijer,200,10,0.3,400,0,199,0
A,15,A_N200_T10_kink_gap,fod,kink,robust,200,10,0.3,400,0,199,0
A,16,A_N200_T10_kink_gap,fod,kink,windmeijer,200,10,0.3,400,0,199,0
A,17,A_N400_T6_jump_bal,fd,jump,robust,400,6,0,400,0,199,0
A,18,A_N400_T6_jump_bal,fd,jump,windmeijer,400,6,0,400,0,199,0
A,19,A_N400_T6_jump_bal,fod,jump,robust,400,6,0,400,0,199,0
A,20,A_N400_T6_jump_bal,fod,jump,windmeijer,400,6,0,400,0,199,0
A,21,A_N400_T6_jump_gap,fd,jump,robust,400,6,0.3,400,0,199,0
A,22,A_N400_T6_jump_gap,fd,jump,windmeijer,400,6,0.3,400,0,199,0
A,23,A_N400_T6_jump_gap,fod,jump,robust,400,6,0.3,400,0,199,0
A,24,A_N400_T6_jump_gap,fod,jump,windmeijer,400,6,0.3,400,0,199,0
A,25,A_N400_T6_kink_bal,fd,kink,robust,400,6,0,400,0,199,0
A,26,A_N400_T6_kink_bal,fd,kink,windmeijer,400,6,0,400,0,199,0
A,27,A_N400_T6_kink_bal,fod,kink,robust,400,6,0,400,0,199,0
A,28,A_N400_T6_kink_bal,fod,kink,windmeijer,400,6,0,400,0,199,0
A,29,A_N400_T6_kink_gap,fd,kink,robust,400,6,0.3,400,0,199,0
A,30,A_N400_T6_kink_gap,fd,kink,windmeijer,400,6,0.3,400,0,199,0
A,31,A_N400_T6_kink_gap,fod,kink,robust,400,6,0.3,400,0,199,0
A,32,A_N400_T6_kink_gap,fod,kink,windmeijer,400,6,0.3,400,0,199,0
