block,cell_id,pair_id,dgp,spec,method,vce,iv,N,T,miss,missp,kappa,c,mode,R,B,grid,gridci,gridtype,gridsample,trim,refine
I1,1,I1_base_jump_robust_all_n400_t6_bal_k000_c000,base,jump,fd,robust,all,400,6,balanced,0,0,0,FULL,500,500,46,46,quantile,observed,0.1,0
I1,2,I1_base_jump_robust_all_n400_t6_bal_k000_c000,base,jump,fod,robust,all,400,6,balanced,0,0,0,FULL,500,500,46,46,quantile,observed,0.1,0
I1,3,I1_base_jump_robust_all_n400_t6_bal_k010_c000,base,jump,fd,robust,all,400,6,balanced,0,0.1,0,FULL,500,500,46,46,quantile,observed,0.1,0
I1,4,I1_base_jump_robust_all_n400_t6_bal_k010_c000,base,jump,fod,robust,all,400,6,balanced,0,0.1,0,FULL,500,500,46,46,quantile,observed,0.1,0
I1,5,I1_base_jump_robust_all_n400_t6_bal_k020_c000,base,jump,fd,robust,all,400,6,balanced,0,0.2,0,FULL,500,500,46,46,quantile,observed,0.1,0
I1,6,I1_base_jump_robust_all_n400_t6_bal_k020_c000,base,jump,fod,robust,all,400,6,balanced,0,0.2,0,FULL,500,500,46,46,quantile,observed,0.1,0
I1,7,I1_base_jump_robust_all_n400_t6_bal_k050_c000,base,jump,fd,robust,all,400,6,balanced,0,0.5,0,FULL,500,500,46,46,quantile,observed,0.1,0
I1,8,I1_base_jump_robust_all_n400_t6_bal_k050_c000,base,jump,fod,robust,all,400,6,balanced,0,0.5,0,FULL,500,500,46,46,quantile,observed,0.1,0
I1,9,I1_base_jump_robust_all_n400_t6_bal_k100_c000,base,jump,fd,robust,all,400,6,balanced,0,1,0,FULL,500,500,46,46,quantile,observed,0.1,0
I1,10,I1_base_jump_robust_all_n400_t6_bal_k100_c000,base,jump,fod,robust,all,400,6,balanced,0,1,0,FULL,500,500,46,46,quantile,observed,0.1,0
I1,11,I1_base_jump_robust_all_n400_t6_gap30_k000_c000,base,jump,fd,robust,all,400,6,mcar,0.3,0,0,FULL,500,500,46,46,quantile,observed,0.1,0
I1,12,I1_base_jump_robust_all_n400_t6_gap30_k000_c000,base,jump,fod,robust,all,400,6,mcar,0.3,0,0,FULL,500,500,46,46,quantile,observed,0.1,0
I1,13,I1_base_jump_robust_all_n400_t6_gap30_k010_c000,base,jump,fd,robust,all,400,6,mcar,0.3,0.1,0,FULL,500,500,46,46,quantile,observed,0.1,0
I1,14,I1_base_jump_robust_all_n400_t6_gap30_k010_c000,base,jump,fod,robust,all,400,6,mcar,0.3,0.1,0,FULL,500,500,46,46,quantile,observed,0.1,0
I1,15,I1_base_jump_robust_all_n400_t6_gap30_k020_c000,base,jump,fd,robust,all,400,6,mcar,0.3,0.2,0,FULL,500,500,46,46,quantile,observed,0.1,0
I1,16,I1_base_jump_robust_all_n400_t6_gap30_k020_c000,base,jump,fod,robust,all,400,6,mcar,0.3,0.2,0,FULL,500,500,46,46,quantile,observed,0.1,0
I1,17,I1_base_jump_robust_all_n400_t6_gap30_k050_c000,base,jump,fd,robust,all,400,6,mcar,0.3,0.5,0,FULL,500,500,46,46,quantile,observed,0.1,0
I1,18,I1_base_jump_robust_all_n400_t6_gap30_k050_c000,base,jump,fod,robust,all,400,6,mcar,0.3,0.5,0,FULL,500,500,46,46,quantile,observed,0.1,0
I1,19,I1_base_jump_robust_all_n400_t6_gap30_k100_c000,base,jump,fd,robust,all,400,6,mcar,0.3,1,0,FULL,500,500,46,46,quantile,observed,0.1,0
I1,20,I1_base_jump_robust_all_n400_t6_gap30_k100_c000,base,jump,fod,robust,all,400,6,mcar,0.3,1,0,FULL,500,500,46,46,quantile,observed,0.1,0
I1,21,I1_base_jump_robust_all_n400_t6_attr15_k000_c000,base,jump,fd,robust,all,400,6,attrition,0.15,0,0,FULL,500,500,46,46,quantile,observed,0.1,0
I1,22,I1_base_jump_robust_all_n400_t6_attr15_k000_c000,base,jump,fod,robust,all,400,6,attrition,0.15,0,0,FULL,500,500,46,46,quantile,observed,0.1,0
I1,23,I1_base_jump_robust_all_n400_t6_attr15_k010_c000,base,jump,fd,robust,all,400,6,attrition,0.15,0.1,0,FULL,500,500,46,46,quantile,observed,0.1,0
I1,24,I1_base_jump_robust_all_n400_t6_attr15_k010_c000,base,jump,fod,robust,all,400,6,attrition,0.15,0.1,0,FULL,500,500,46,46,quantile,observed,0.1,0
I1,25,I1_base_jump_robust_all_n400_t6_attr15_k020_c000,base,jump,fd,robust,all,400,6,attrition,0.15,0.2,0,FULL,500,500,46,46,quantile,observed,0.1,0
I1,26,I1_base_jump_robust_all_n400_t6_attr15_k020_c000,base,jump,fod,robust,all,400,6,attrition,0.15,0.2,0,FULL,500,500,46,46,quantile,observed,0.1,0
I1,27,I1_base_jump_robust_all_n400_t6_attr15_k050_c000,base,jump,fd,robust,all,400,6,attrition,0.15,0.5,0,FULL,500,500,46,46,quantile,observed,0.1,0
I1,28,I1_base_jump_robust_all_n400_t6_attr15_k050_c000,base,jump,fod,robust,all,400,6,attrition,0.15,0.5,0,FULL,500,500,46,46,quantile,observed,0.1,0
I1,29,I1_base_jump_robust_all_n400_t6_attr15_k100_c000,base,jump,fd,robust,all,400,6,attrition,0.15,1,0,FULL,500,500,46,46,quantile,observed,0.1,0
I1,30,I1_base_jump_robust_all_n400_t6_attr15_k100_c000,base,jump,fod,robust,all,400,6,attrition,0.15,1,0,FULL,500,500,46,46,quantile,observed,0.1,0
I1,31,I1_base_jump_robust_all_n800_t6_bal_k000_c000,base,jump,fd,robust,all,800,6,balanced,0,0,0,FULL,500,500,46,46,quantile,observed,0.1,0
I1,32,I1_base_jump_robust_all_n800_t6_bal_k000_c000,base,jump,fod,robust,all,800,6,balanced,0,0,0,FULL,500,500,46,46,quantile,observed,0.1,0
I1,33,I1_base_jump_robust_all_n800_t6_bal_k010_c000,base,jump,fd,robust,all,800,6,balanced,0,0.1,0,FULL,500,500,46,46,quantile,observed,0.1,0
I1,34,I1_base_jump_robust_all_n800_t6_bal_k010_c000,base,jump,fod,robust,all,800,6,balanced,0,0.1,0,FULL,500,500,46,46,quantile,observed,0.1,0
I1,35,I1_base_jump_robust_all_n800_t6_bal_k020_c000,base,jump,fd,robust,all,800,6,balanced,0,0.2,0,FULL,500,500,46,46,quantile,observed,0.1,0
I1,36,I1_base_jump_robust_all_n800_t6_bal_k020_c000,base,jump,fod,robust,all,800,6,balanced,0,0.2,0,FULL,500,500,46,46,quantile,observed,0.1,0
I1,37,I1_base_jump_robust_all_n800_t6_bal_k050_c000,base,jump,fd,robust,all,800,6,balanced,0,0.5,0,FULL,500,500,46,46,quantile,observed,0.1,0
I1,38,I1_base_jump_robust_all_n800_t6_bal_k050_c000,base,jump,fod,robust,all,800,6,balanced,0,0.5,0,FULL,500,500,46,46,quantile,observed,0.1,0
I1,39,I1_base_jump_robust_all_n800_t6_bal_k100_c000,base,jump,fd,robust,all,800,6,balanced,0,1,0,FULL,500,500,46,46,quantile,observed,0.1,0
I1,40,I1_base_jump_robust_all_n800_t6_bal_k100_c000,base,jump,fod,robust,all,800,6,balanced,0,1,0,FULL,500,500,46,46,quantile,observed,0.1,0
I1,41,I1_base_jump_robust_all_n800_t6_gap30_k000_c000,base,jump,fd,robust,all,800,6,mcar,0.3,0,0,FULL,500,500,46,46,quantile,observed,0.1,0
I1,42,I1_base_jump_robust_all_n800_t6_gap30_k000_c000,base,jump,fod,robust,all,800,6,mcar,0.3,0,0,FULL,500,500,46,46,quantile,observed,0.1,0
I1,43,I1_base_jump_robust_all_n800_t6_gap30_k010_c000,base,jump,fd,robust,all,800,6,mcar,0.3,0.1,0,FULL,500,500,46,46,quantile,observed,0.1,0
I1,44,I1_base_jump_robust_all_n800_t6_gap30_k010_c000,base,jump,fod,robust,all,800,6,mcar,0.3,0.1,0,FULL,500,500,46,46,quantile,observed,0.1,0
I1,45,I1_base_jump_robust_all_n800_t6_gap30_k020_c000,base,jump,fd,robust,all,800,6,mcar,0.3,0.2,0,FULL,500,500,46,46,quantile,observed,0.1,0
I1,46,I1_base_jump_robust_all_n800_t6_gap30_k020_c000,base,jump,fod,robust,all,800,6,mcar,0.3,0.2,0,FULL,500,500,46,46,quantile,observed,0.1,0
I1,47,I1_base_jump_robust_all_n800_t6_gap30_k050_c000,base,jump,fd,robust,all,800,6,mcar,0.3,0.5,0,FULL,500,500,46,46,quantile,observed,0.1,0
I1,48,I1_base_jump_robust_all_n800_t6_gap30_k050_c000,base,jump,fod,robust,all,800,6,mcar,0.3,0.5,0,FULL,500,500,46,46,quantile,observed,0.1,0
I1,49,I1_base_jump_robust_all_n800_t6_gap30_k100_c000,base,jump,fd,robust,all,800,6,mcar,0.3,1,0,FULL,500,500,46,46,quantile,observed,0.1,0
I1,50,I1_base_jump_robust_all_n800_t6_gap30_k100_c000,base,jump,fod,robust,all,800,6,mcar,0.3,1,0,FULL,500,500,46,46,quantile,observed,0.1,0
I1,51,I1_base_jump_robust_all_n800_t6_attr15_k000_c000,base,jump,fd,robust,all,800,6,attrition,0.15,0,0,FULL,500,500,46,46,quantile,observed,0.1,0
I1,52,I1_base_jump_robust_all_n800_t6_attr15_k000_c000,base,jump,fod,robust,all,800,6,attrition,0.15,0,0,FULL,500,500,46,46,quantile,observed,0.1,0
I1,53,I1_base_jump_robust_all_n800_t6_attr15_k010_c000,base,jump,fd,robust,all,800,6,attrition,0.15,0.1,0,FULL,500,500,46,46,quantile,observed,0.1,0
I1,54,I1_base_jump_robust_all_n800_t6_attr15_k010_c000,base,jump,fod,robust,all,800,6,attrition,0.15,0.1,0,FULL,500,500,46,46,quantile,observed,0.1,0
I1,55,I1_base_jump_robust_all_n800_t6_attr15_k020_c000,base,jump,fd,robust,all,800,6,attrition,0.15,0.2,0,FULL,500,500,46,46,quantile,observed,0.1,0
I1,56,I1_base_jump_robust_all_n800_t6_attr15_k020_c000,base,jump,fod,robust,all,800,6,attrition,0.15,0.2,0,FULL,500,500,46,46,quantile,observed,0.1,0
I1,57,I1_base_jump_robust_all_n800_t6_attr15_k050_c000,base,jump,fd,robust,all,800,6,attrition,0.15,0.5,0,FULL,500,500,46,46,quantile,observed,0.1,0
I1,58,I1_base_jump_robust_all_n800_t6_attr15_k050_c000,base,jump,fod,robust,all,800,6,attrition,0.15,0.5,0,FULL,500,500,46,46,quantile,observed,0.1,0
I1,59,I1_base_jump_robust_all_n800_t6_attr15_k100_c000,base,jump,fd,robust,all,800,6,attrition,0.15,1,0,FULL,500,500,46,46,quantile,observed,0.1,0
I1,60,I1_base_jump_robust_all_n800_t6_attr15_k100_c000,base,jump,fod,robust,all,800,6,attrition,0.15,1,0,FULL,500,500,46,46,quantile,observed,0.1,0
I2,61,I2_base_jump_robust_all_n200_t6_bal_k000_c000,base,jump,fd,robust,all,200,6,balanced,0,0,0,FULL,500,500,46,46,quantile,observed,0.1,0
I2,62,I2_base_jump_robust_all_n200_t6_bal_k000_c000,base,jump,fod,robust,all,200,6,balanced,0,0,0,FULL,500,500,46,46,quantile,observed,0.1,0
I2,63,I2_endog_jump_robust_all_n400_t6_bal_k000_c000,endog,jump,fd,robust,all,400,6,balanced,0,0,0,FULL,500,500,46,46,quantile,observed,0.1,0
I2,64,I2_endog_jump_robust_all_n400_t6_bal_k000_c000,endog,jump,fod,robust,all,400,6,balanced,0,0,0,FULL,500,500,46,46,quantile,observed,0.1,0
I2,65,I2_base_jump_robust_all_n200_t6_bal_k100_c000,base,jump,fd,robust,all,200,6,balanced,0,1,0,FULL,500,500,46,46,quantile,observed,0.1,0
I2,66,I2_base_jump_robust_all_n200_t6_bal_k100_c000,base,jump,fod,robust,all,200,6,balanced,0,1,0,FULL,500,500,46,46,quantile,observed,0.1,0
I2,67,I2_endog_jump_robust_all_n400_t6_bal_k100_c000,endog,jump,fd,robust,all,400,6,balanced,0,1,0,FULL,500,500,46,46,quantile,observed,0.1,0
I2,68,I2_endog_jump_robust_all_n400_t6_bal_k100_c000,endog,jump,fod,robust,all,400,6,balanced,0,1,0,FULL,500,500,46,46,quantile,observed,0.1,0
I2,69,I2_base_jump_robust_all_n200_t6_gap30_k000_c000,base,jump,fd,robust,all,200,6,mcar,0.3,0,0,FULL,500,500,46,46,quantile,observed,0.1,0
I2,70,I2_base_jump_robust_all_n200_t6_gap30_k000_c000,base,jump,fod,robust,all,200,6,mcar,0.3,0,0,FULL,500,500,46,46,quantile,observed,0.1,0
I2,71,I2_endog_jump_robust_all_n400_t6_gap30_k000_c000,endog,jump,fd,robust,all,400,6,mcar,0.3,0,0,FULL,500,500,46,46,quantile,observed,0.1,0
I2,72,I2_endog_jump_robust_all_n400_t6_gap30_k000_c000,endog,jump,fod,robust,all,400,6,mcar,0.3,0,0,FULL,500,500,46,46,quantile,observed,0.1,0
I2,73,I2_base_jump_robust_all_n200_t6_gap30_k100_c000,base,jump,fd,robust,all,200,6,mcar,0.3,1,0,FULL,500,500,46,46,quantile,observed,0.1,0
I2,74,I2_base_jump_robust_all_n200_t6_gap30_k100_c000,base,jump,fod,robust,all,200,6,mcar,0.3,1,0,FULL,500,500,46,46,quantile,observed,0.1,0
I2,75,I2_endog_jump_robust_all_n400_t6_gap30_k100_c000,endog,jump,fd,robust,all,400,6,mcar,0.3,1,0,FULL,500,500,46,46,quantile,observed,0.1,0
I2,76,I2_endog_jump_robust_all_n400_t6_gap30_k100_c000,endog,jump,fod,robust,all,400,6,mcar,0.3,1,0,FULL,500,500,46,46,quantile,observed,0.1,0
I3,77,I3_linear_jump_robust_all_n400_t6_bal_k000_c000,linear,jump,fd,robust,all,400,6,balanced,0,0,0,LIN,500,500,46,10,quantile,observed,0.1,0
I3,78,I3_linear_jump_robust_all_n400_t6_bal_k000_c000,linear,jump,fod,robust,all,400,6,balanced,0,0,0,LIN,500,500,46,10,quantile,observed,0.1,0
I3,79,I3_linear_jump_robust_all_n400_t6_gap30_k000_c000,linear,jump,fd,robust,all,400,6,mcar,0.3,0,0,LIN,500,500,46,10,quantile,observed,0.1,0
I3,80,I3_linear_jump_robust_all_n400_t6_gap30_k000_c000,linear,jump,fod,robust,all,400,6,mcar,0.3,0,0,LIN,500,500,46,10,quantile,observed,0.1,0
I3,81,I3_linear_jump_robust_all_n400_t6_attr15_k000_c000,linear,jump,fd,robust,all,400,6,attrition,0.15,0,0,LIN,500,500,46,10,quantile,observed,0.1,0
I3,82,I3_linear_jump_robust_all_n400_t6_attr15_k000_c000,linear,jump,fod,robust,all,400,6,attrition,0.15,0,0,LIN,500,500,46,10,quantile,observed,0.1,0
I4,83,I4_base_kink_robust_all_n400_t6_bal_k000_c000,base,kink,fd,robust,all,400,6,balanced,0,0,0,CI,500,500,46,46,quantile,observed,0.1,0
I4,84,I4_base_kink_robust_all_n400_t6_bal_k000_c000,base,kink,fod,robust,all,400,6,balanced,0,0,0,CI,500,500,46,46,quantile,observed,0.1,0
I4,85,I4_base_kink_robust_all_n400_t6_gap30_k000_c000,base,kink,fd,robust,all,400,6,mcar,0.3,0,0,CI,500,500,46,46,quantile,observed,0.1,0
I4,86,I4_base_kink_robust_all_n400_t6_gap30_k000_c000,base,kink,fod,robust,all,400,6,mcar,0.3,0,0,CI,500,500,46,46,quantile,observed,0.1,0
I3,87,I3_linear_jump_robust_all_n800_t6_bal_k000_c000,linear,jump,fd,robust,all,800,6,balanced,0,0,0,LIN,500,500,46,10,quantile,observed,0.1,0
I3,88,I3_linear_jump_robust_all_n800_t6_bal_k000_c000,linear,jump,fod,robust,all,800,6,balanced,0,0,0,LIN,500,500,46,10,quantile,observed,0.1,0
I3,89,I3_linear_jump_robust_all_n800_t6_gap30_k000_c000,linear,jump,fd,robust,all,800,6,mcar,0.3,0,0,LIN,500,500,46,10,quantile,observed,0.1,0
I3,90,I3_linear_jump_robust_all_n800_t6_gap30_k000_c000,linear,jump,fod,robust,all,800,6,mcar,0.3,0,0,LIN,500,500,46,10,quantile,observed,0.1,0
I3,91,I3_linear_jump_robust_all_n800_t6_attr15_k000_c000,linear,jump,fd,robust,all,800,6,attrition,0.15,0,0,LIN,500,500,46,10,quantile,observed,0.1,0
I3,92,I3_linear_jump_robust_all_n800_t6_attr15_k000_c000,linear,jump,fod,robust,all,800,6,attrition,0.15,0,0,LIN,500,500,46,10,quantile,observed,0.1,0
I4,93,I4_base_kink_robust_all_n800_t6_bal_k000_c000,base,kink,fd,robust,all,800,6,balanced,0,0,0,CI,500,500,46,46,quantile,observed,0.1,0
I4,94,I4_base_kink_robust_all_n800_t6_bal_k000_c000,base,kink,fod,robust,all,800,6,balanced,0,0,0,CI,500,500,46,46,quantile,observed,0.1,0
I4,95,I4_base_kink_robust_all_n800_t6_gap30_k000_c000,base,kink,fd,robust,all,800,6,mcar,0.3,0,0,CI,500,500,46,46,quantile,observed,0.1,0
I4,96,I4_base_kink_robust_all_n800_t6_gap30_k000_c000,base,kink,fod,robust,all,800,6,mcar,0.3,0,0,CI,500,500,46,46,quantile,observed,0.1,0
I5,97,I5_base_jump_robust_all_n400_t6_bal_k000_c010,base,jump,fd,robust,all,400,6,balanced,0,0,0.1,CI,500,500,46,10,quantile,observed,0.1,0
I5,98,I5_base_jump_robust_all_n400_t6_bal_k000_c010,base,jump,fod,robust,all,400,6,balanced,0,0,0.1,CI,500,500,46,10,quantile,observed,0.1,0
I5,99,I5_base_jump_robust_all_n400_t6_bal_k000_c025,base,jump,fd,robust,all,400,6,balanced,0,0,0.25,CI,500,500,46,10,quantile,observed,0.1,0
I5,100,I5_base_jump_robust_all_n400_t6_bal_k000_c025,base,jump,fod,robust,all,400,6,balanced,0,0,0.25,CI,500,500,46,10,quantile,observed,0.1,0
I5,101,I5_base_jump_robust_all_n400_t6_bal_k000_c050,base,jump,fd,robust,all,400,6,balanced,0,0,0.5,CI,500,500,46,10,quantile,observed,0.1,0
I5,102,I5_base_jump_robust_all_n400_t6_bal_k000_c050,base,jump,fod,robust,all,400,6,balanced,0,0,0.5,CI,500,500,46,10,quantile,observed,0.1,0
I5,103,I5_base_jump_robust_all_n400_t6_bal_k050_c010,base,jump,fd,robust,all,400,6,balanced,0,0.5,0.1,CI,500,500,46,10,quantile,observed,0.1,0
I5,104,I5_base_jump_robust_all_n400_t6_bal_k050_c010,base,jump,fod,robust,all,400,6,balanced,0,0.5,0.1,CI,500,500,46,10,quantile,observed,0.1,0
I5,105,I5_base_jump_robust_all_n400_t6_bal_k050_c025,base,jump,fd,robust,all,400,6,balanced,0,0.5,0.25,CI,500,500,46,10,quantile,observed,0.1,0
I5,106,I5_base_jump_robust_all_n400_t6_bal_k050_c025,base,jump,fod,robust,all,400,6,balanced,0,0.5,0.25,CI,500,500,46,10,quantile,observed,0.1,0
I5,107,I5_base_jump_robust_all_n400_t6_bal_k050_c050,base,jump,fd,robust,all,400,6,balanced,0,0.5,0.5,CI,500,500,46,10,quantile,observed,0.1,0
I5,108,I5_base_jump_robust_all_n400_t6_bal_k050_c050,base,jump,fod,robust,all,400,6,balanced,0,0.5,0.5,CI,500,500,46,10,quantile,observed,0.1,0
I5,109,I5_base_jump_robust_all_n400_t6_bal_k100_c010,base,jump,fd,robust,all,400,6,balanced,0,1,0.1,CI,500,500,46,10,quantile,observed,0.1,0
I5,110,I5_base_jump_robust_all_n400_t6_bal_k100_c010,base,jump,fod,robust,all,400,6,balanced,0,1,0.1,CI,500,500,46,10,quantile,observed,0.1,0
I5,111,I5_base_jump_robust_all_n400_t6_bal_k100_c025,base,jump,fd,robust,all,400,6,balanced,0,1,0.25,CI,500,500,46,10,quantile,observed,0.1,0
I5,112,I5_base_jump_robust_all_n400_t6_bal_k100_c025,base,jump,fod,robust,all,400,6,balanced,0,1,0.25,CI,500,500,46,10,quantile,observed,0.1,0
I5,113,I5_base_jump_robust_all_n400_t6_bal_k100_c050,base,jump,fd,robust,all,400,6,balanced,0,1,0.5,CI,500,500,46,10,quantile,observed,0.1,0
I5,114,I5_base_jump_robust_all_n400_t6_bal_k100_c050,base,jump,fod,robust,all,400,6,balanced,0,1,0.5,CI,500,500,46,10,quantile,observed,0.1,0
I5,115,I5_base_jump_robust_all_n400_t6_gap30_k000_c010,base,jump,fd,robust,all,400,6,mcar,0.3,0,0.1,CI,500,500,46,10,quantile,observed,0.1,0
I5,116,I5_base_jump_robust_all_n400_t6_gap30_k000_c010,base,jump,fod,robust,all,400,6,mcar,0.3,0,0.1,CI,500,500,46,10,quantile,observed,0.1,0
I5,117,I5_base_jump_robust_all_n400_t6_gap30_k000_c025,base,jump,fd,robust,all,400,6,mcar,0.3,0,0.25,CI,500,500,46,10,quantile,observed,0.1,0
I5,118,I5_base_jump_robust_all_n400_t6_gap30_k000_c025,base,jump,fod,robust,all,400,6,mcar,0.3,0,0.25,CI,500,500,46,10,quantile,observed,0.1,0
I5,119,I5_base_jump_robust_all_n400_t6_gap30_k000_c050,base,jump,fd,robust,all,400,6,mcar,0.3,0,0.5,CI,500,500,46,10,quantile,observed,0.1,0
I5,120,I5_base_jump_robust_all_n400_t6_gap30_k000_c050,base,jump,fod,robust,all,400,6,mcar,0.3,0,0.5,CI,500,500,46,10,quantile,observed,0.1,0
I5,121,I5_base_jump_robust_all_n400_t6_gap30_k050_c010,base,jump,fd,robust,all,400,6,mcar,0.3,0.5,0.1,CI,500,500,46,10,quantile,observed,0.1,0
I5,122,I5_base_jump_robust_all_n400_t6_gap30_k050_c010,base,jump,fod,robust,all,400,6,mcar,0.3,0.5,0.1,CI,500,500,46,10,quantile,observed,0.1,0
I5,123,I5_base_jump_robust_all_n400_t6_gap30_k050_c025,base,jump,fd,robust,all,400,6,mcar,0.3,0.5,0.25,CI,500,500,46,10,quantile,observed,0.1,0
I5,124,I5_base_jump_robust_all_n400_t6_gap30_k050_c025,base,jump,fod,robust,all,400,6,mcar,0.3,0.5,0.25,CI,500,500,46,10,quantile,observed,0.1,0
I5,125,I5_base_jump_robust_all_n400_t6_gap30_k050_c050,base,jump,fd,robust,all,400,6,mcar,0.3,0.5,0.5,CI,500,500,46,10,quantile,observed,0.1,0
I5,126,I5_base_jump_robust_all_n400_t6_gap30_k050_c050,base,jump,fod,robust,all,400,6,mcar,0.3,0.5,0.5,CI,500,500,46,10,quantile,observed,0.1,0
I5,127,I5_base_jump_robust_all_n400_t6_gap30_k100_c010,base,jump,fd,robust,all,400,6,mcar,0.3,1,0.1,CI,500,500,46,10,quantile,observed,0.1,0
I5,128,I5_base_jump_robust_all_n400_t6_gap30_k100_c010,base,jump,fod,robust,all,400,6,mcar,0.3,1,0.1,CI,500,500,46,10,quantile,observed,0.1,0
I5,129,I5_base_jump_robust_all_n400_t6_gap30_k100_c025,base,jump,fd,robust,all,400,6,mcar,0.3,1,0.25,CI,500,500,46,10,quantile,observed,0.1,0
I5,130,I5_base_jump_robust_all_n400_t6_gap30_k100_c025,base,jump,fod,robust,all,400,6,mcar,0.3,1,0.25,CI,500,500,46,10,quantile,observed,0.1,0
I5,131,I5_base_jump_robust_all_n400_t6_gap30_k100_c050,base,jump,fd,robust,all,400,6,mcar,0.3,1,0.5,CI,500,500,46,10,quantile,observed,0.1,0
I5,132,I5_base_jump_robust_all_n400_t6_gap30_k100_c050,base,jump,fod,robust,all,400,6,mcar,0.3,1,0.5,CI,500,500,46,10,quantile,observed,0.1,0
I5,133,I5_base_jump_robust_all_n400_t6_attr15_k000_c010,base,jump,fd,robust,all,400,6,attrition,0.15,0,0.1,CI,500,500,46,10,quantile,observed,0.1,0
I5,134,I5_base_jump_robust_all_n400_t6_attr15_k000_c010,base,jump,fod,robust,all,400,6,attrition,0.15,0,0.1,CI,500,500,46,10,quantile,observed,0.1,0
I5,135,I5_base_jump_robust_all_n400_t6_attr15_k000_c025,base,jump,fd,robust,all,400,6,attrition,0.15,0,0.25,CI,500,500,46,10,quantile,observed,0.1,0
I5,136,I5_base_jump_robust_all_n400_t6_attr15_k000_c025,base,jump,fod,robust,all,400,6,attrition,0.15,0,0.25,CI,500,500,46,10,quantile,observed,0.1,0
I5,137,I5_base_jump_robust_all_n400_t6_attr15_k000_c050,base,jump,fd,robust,all,400,6,attrition,0.15,0,0.5,CI,500,500,46,10,quantile,observed,0.1,0
I5,138,I5_base_jump_robust_all_n400_t6_attr15_k000_c050,base,jump,fod,robust,all,400,6,attrition,0.15,0,0.5,CI,500,500,46,10,quantile,observed,0.1,0
I5,139,I5_base_jump_robust_all_n400_t6_attr15_k050_c010,base,jump,fd,robust,all,400,6,attrition,0.15,0.5,0.1,CI,500,500,46,10,quantile,observed,0.1,0
I5,140,I5_base_jump_robust_all_n400_t6_attr15_k050_c010,base,jump,fod,robust,all,400,6,attrition,0.15,0.5,0.1,CI,500,500,46,10,quantile,observed,0.1,0
I5,141,I5_base_jump_robust_all_n400_t6_attr15_k050_c025,base,jump,fd,robust,all,400,6,attrition,0.15,0.5,0.25,CI,500,500,46,10,quantile,observed,0.1,0
I5,142,I5_base_jump_robust_all_n400_t6_attr15_k050_c025,base,jump,fod,robust,all,400,6,attrition,0.15,0.5,0.25,CI,500,500,46,10,quantile,observed,0.1,0
I5,143,I5_base_jump_robust_all_n400_t6_attr15_k050_c050,base,jump,fd,robust,all,400,6,attrition,0.15,0.5,0.5,CI,500,500,46,10,quantile,observed,0.1,0
I5,144,I5_base_jump_robust_all_n400_t6_attr15_k050_c050,base,jump,fod,robust,all,400,6,attrition,0.15,0.5,0.5,CI,500,500,46,10,quantile,observed,0.1,0
I5,145,I5_base_jump_robust_all_n400_t6_attr15_k100_c010,base,jump,fd,robust,all,400,6,attrition,0.15,1,0.1,CI,500,500,46,10,quantile,observed,0.1,0
I5,146,I5_base_jump_robust_all_n400_t6_attr15_k100_c010,base,jump,fod,robust,all,400,6,attrition,0.15,1,0.1,CI,500,500,46,10,quantile,observed,0.1,0
I5,147,I5_base_jump_robust_all_n400_t6_attr15_k100_c025,base,jump,fd,robust,all,400,6,attrition,0.15,1,0.25,CI,500,500,46,10,quantile,observed,0.1,0
I5,148,I5_base_jump_robust_all_n400_t6_attr15_k100_c025,base,jump,fod,robust,all,400,6,attrition,0.15,1,0.25,CI,500,500,46,10,quantile,observed,0.1,0
I5,149,I5_base_jump_robust_all_n400_t6_attr15_k100_c050,base,jump,fd,robust,all,400,6,attrition,0.15,1,0.5,CI,500,500,46,10,quantile,observed,0.1,0
I5,150,I5_base_jump_robust_all_n400_t6_attr15_k100_c050,base,jump,fod,robust,all,400,6,attrition,0.15,1,0.5,CI,500,500,46,10,quantile,observed,0.1,0
I5,151,I5_base_jump_robust_all_n800_t6_bal_k000_c010,base,jump,fd,robust,all,800,6,balanced,0,0,0.1,CI,500,500,46,10,quantile,observed,0.1,0
I5,152,I5_base_jump_robust_all_n800_t6_bal_k000_c010,base,jump,fod,robust,all,800,6,balanced,0,0,0.1,CI,500,500,46,10,quantile,observed,0.1,0
I5,153,I5_base_jump_robust_all_n800_t6_bal_k000_c025,base,jump,fd,robust,all,800,6,balanced,0,0,0.25,CI,500,500,46,10,quantile,observed,0.1,0
I5,154,I5_base_jump_robust_all_n800_t6_bal_k000_c025,base,jump,fod,robust,all,800,6,balanced,0,0,0.25,CI,500,500,46,10,quantile,observed,0.1,0
I5,155,I5_base_jump_robust_all_n800_t6_bal_k000_c050,base,jump,fd,robust,all,800,6,balanced,0,0,0.5,CI,500,500,46,10,quantile,observed,0.1,0
I5,156,I5_base_jump_robust_all_n800_t6_bal_k000_c050,base,jump,fod,robust,all,800,6,balanced,0,0,0.5,CI,500,500,46,10,quantile,observed,0.1,0
I5,157,I5_base_jump_robust_all_n800_t6_bal_k050_c010,base,jump,fd,robust,all,800,6,balanced,0,0.5,0.1,CI,500,500,46,10,quantile,observed,0.1,0
I5,158,I5_base_jump_robust_all_n800_t6_bal_k050_c010,base,jump,fod,robust,all,800,6,balanced,0,0.5,0.1,CI,500,500,46,10,quantile,observed,0.1,0
I5,159,I5_base_jump_robust_all_n800_t6_bal_k050_c025,base,jump,fd,robust,all,800,6,balanced,0,0.5,0.25,CI,500,500,46,10,quantile,observed,0.1,0
I5,160,I5_base_jump_robust_all_n800_t6_bal_k050_c025,base,jump,fod,robust,all,800,6,balanced,0,0.5,0.25,CI,500,500,46,10,quantile,observed,0.1,0
I5,161,I5_base_jump_robust_all_n800_t6_bal_k050_c050,base,jump,fd,robust,all,800,6,balanced,0,0.5,0.5,CI,500,500,46,10,quantile,observed,0.1,0
I5,162,I5_base_jump_robust_all_n800_t6_bal_k050_c050,base,jump,fod,robust,all,800,6,balanced,0,0.5,0.5,CI,500,500,46,10,quantile,observed,0.1,0
I5,163,I5_base_jump_robust_all_n800_t6_bal_k100_c010,base,jump,fd,robust,all,800,6,balanced,0,1,0.1,CI,500,500,46,10,quantile,observed,0.1,0
I5,164,I5_base_jump_robust_all_n800_t6_bal_k100_c010,base,jump,fod,robust,all,800,6,balanced,0,1,0.1,CI,500,500,46,10,quantile,observed,0.1,0
I5,165,I5_base_jump_robust_all_n800_t6_bal_k100_c025,base,jump,fd,robust,all,800,6,balanced,0,1,0.25,CI,500,500,46,10,quantile,observed,0.1,0
I5,166,I5_base_jump_robust_all_n800_t6_bal_k100_c025,base,jump,fod,robust,all,800,6,balanced,0,1,0.25,CI,500,500,46,10,quantile,observed,0.1,0
I5,167,I5_base_jump_robust_all_n800_t6_bal_k100_c050,base,jump,fd,robust,all,800,6,balanced,0,1,0.5,CI,500,500,46,10,quantile,observed,0.1,0
I5,168,I5_base_jump_robust_all_n800_t6_bal_k100_c050,base,jump,fod,robust,all,800,6,balanced,0,1,0.5,CI,500,500,46,10,quantile,observed,0.1,0
X1,169,X1_base_jump_robust_all_n400_t6_bal_k000_c000,base,jump,fd,robust,all,400,6,balanced,0,0,0,XTH,500,0,46,0,uniform,observed,0.1,0
X1,170,X1_base_jump_robust_all_n400_t6_bal_k010_c000,base,jump,fd,robust,all,400,6,balanced,0,0.1,0,XTH,500,0,46,0,uniform,observed,0.1,0
X1,171,X1_base_jump_robust_all_n400_t6_bal_k020_c000,base,jump,fd,robust,all,400,6,balanced,0,0.2,0,XTH,500,0,46,0,uniform,observed,0.1,0
X1,172,X1_base_jump_robust_all_n400_t6_bal_k050_c000,base,jump,fd,robust,all,400,6,balanced,0,0.5,0,XTH,500,0,46,0,uniform,observed,0.1,0
X1,173,X1_base_jump_robust_all_n400_t6_bal_k100_c000,base,jump,fd,robust,all,400,6,balanced,0,1,0,XTH,500,0,46,0,uniform,observed,0.1,0
X1,174,X1_base_jump_robust_all_n800_t6_bal_k000_c000,base,jump,fd,robust,all,800,6,balanced,0,0,0,XTH,500,0,46,0,uniform,observed,0.1,0
X1,175,X1_base_jump_robust_all_n800_t6_bal_k010_c000,base,jump,fd,robust,all,800,6,balanced,0,0.1,0,XTH,500,0,46,0,uniform,observed,0.1,0
X1,176,X1_base_jump_robust_all_n800_t6_bal_k020_c000,base,jump,fd,robust,all,800,6,balanced,0,0.2,0,XTH,500,0,46,0,uniform,observed,0.1,0
X1,177,X1_base_jump_robust_all_n800_t6_bal_k050_c000,base,jump,fd,robust,all,800,6,balanced,0,0.5,0,XTH,500,0,46,0,uniform,observed,0.1,0
X1,178,X1_base_jump_robust_all_n800_t6_bal_k100_c000,base,jump,fd,robust,all,800,6,balanced,0,1,0,XTH,500,0,46,0,uniform,observed,0.1,0
I6,179,I6_base_jump_robust_L3_n400_t6_bal_k000_c000,base,jump,fd,robust,L3,400,6,balanced,0,0,0,FULL,500,500,46,46,quantile,observed,0.1,0
I6,180,I6_base_jump_robust_L3_n400_t6_bal_k000_c000,base,jump,fod,robust,L3,400,6,balanced,0,0,0,FULL,500,500,46,46,quantile,observed,0.1,0
I6,181,I6_base_jump_robust_L3_n400_t6_bal_k000_c025,base,jump,fd,robust,L3,400,6,balanced,0,0,0.25,CI,500,500,46,10,quantile,observed,0.1,0
I6,182,I6_base_jump_robust_L3_n400_t6_bal_k000_c025,base,jump,fod,robust,L3,400,6,balanced,0,0,0.25,CI,500,500,46,10,quantile,observed,0.1,0
I6,183,I6_base_jump_robust_L3_n400_t6_bal_k000_c050,base,jump,fd,robust,L3,400,6,balanced,0,0,0.5,CI,500,500,46,10,quantile,observed,0.1,0
I6,184,I6_base_jump_robust_L3_n400_t6_bal_k000_c050,base,jump,fod,robust,L3,400,6,balanced,0,0,0.5,CI,500,500,46,10,quantile,observed,0.1,0
I6,185,I6_base_jump_robust_L3_n400_t6_bal_k100_c000,base,jump,fd,robust,L3,400,6,balanced,0,1,0,FULL,500,500,46,46,quantile,observed,0.1,0
I6,186,I6_base_jump_robust_L3_n400_t6_bal_k100_c000,base,jump,fod,robust,L3,400,6,balanced,0,1,0,FULL,500,500,46,46,quantile,observed,0.1,0
I6,187,I6_base_jump_robust_L3_n400_t6_bal_k100_c025,base,jump,fd,robust,L3,400,6,balanced,0,1,0.25,CI,500,500,46,10,quantile,observed,0.1,0
I6,188,I6_base_jump_robust_L3_n400_t6_bal_k100_c025,base,jump,fod,robust,L3,400,6,balanced,0,1,0.25,CI,500,500,46,10,quantile,observed,0.1,0
I6,189,I6_base_jump_robust_L3_n400_t6_bal_k100_c050,base,jump,fd,robust,L3,400,6,balanced,0,1,0.5,CI,500,500,46,10,quantile,observed,0.1,0
I6,190,I6_base_jump_robust_L3_n400_t6_bal_k100_c050,base,jump,fod,robust,L3,400,6,balanced,0,1,0.5,CI,500,500,46,10,quantile,observed,0.1,0
I6,191,I6_base_jump_robust_L3_n400_t6_gap30_k000_c000,base,jump,fd,robust,L3,400,6,mcar,0.3,0,0,FULL,500,500,46,46,quantile,observed,0.1,0
I6,192,I6_base_jump_robust_L3_n400_t6_gap30_k000_c000,base,jump,fod,robust,L3,400,6,mcar,0.3,0,0,FULL,500,500,46,46,quantile,observed,0.1,0
I6,193,I6_base_jump_robust_L3_n400_t6_gap30_k000_c025,base,jump,fd,robust,L3,400,6,mcar,0.3,0,0.25,CI,500,500,46,10,quantile,observed,0.1,0
I6,194,I6_base_jump_robust_L3_n400_t6_gap30_k000_c025,base,jump,fod,robust,L3,400,6,mcar,0.3,0,0.25,CI,500,500,46,10,quantile,observed,0.1,0
I6,195,I6_base_jump_robust_L3_n400_t6_gap30_k000_c050,base,jump,fd,robust,L3,400,6,mcar,0.3,0,0.5,CI,500,500,46,10,quantile,observed,0.1,0
I6,196,I6_base_jump_robust_L3_n400_t6_gap30_k000_c050,base,jump,fod,robust,L3,400,6,mcar,0.3,0,0.5,CI,500,500,46,10,quantile,observed,0.1,0
I6,197,I6_base_jump_robust_L3_n400_t6_gap30_k100_c000,base,jump,fd,robust,L3,400,6,mcar,0.3,1,0,FULL,500,500,46,46,quantile,observed,0.1,0
I6,198,I6_base_jump_robust_L3_n400_t6_gap30_k100_c000,base,jump,fod,robust,L3,400,6,mcar,0.3,1,0,FULL,500,500,46,46,quantile,observed,0.1,0
I6,199,I6_base_jump_robust_L3_n400_t6_gap30_k100_c025,base,jump,fd,robust,L3,400,6,mcar,0.3,1,0.25,CI,500,500,46,10,quantile,observed,0.1,0
I6,200,I6_base_jump_robust_L3_n400_t6_gap30_k100_c025,base,jump,fod,robust,L3,400,6,mcar,0.3,1,0.25,CI,500,500,46,10,quantile,observed,0.1,0
I6,201,I6_base_jump_robust_L3_n400_t6_gap30_k100_c050,base,jump,fd,robust,L3,400,6,mcar,0.3,1,0.5,CI,500,500,46,10,quantile,observed,0.1,0
I6,202,I6_base_jump_robust_L3_n400_t6_gap30_k100_c050,base,jump,fod,robust,L3,400,6,mcar,0.3,1,0.5,CI,500,500,46,10,quantile,observed,0.1,0
