block,cell_id,pair_id,link_cell,method,N,T,miss,missp,kappa,c,citest_value,R,B,grid,gridci,refine,trim,maxlag_lo,maxlag_hi,gridtype,gridsample
G400,1,G400_bal_n400_k000_c010,b6_cal_bal_n400_k000_fd,fd,400,6,balanced,0,0,0.10,0.35,500,500,46,10,0,.10,1,5,quantile,observed
G400,2,G400_bal_n400_k000_c025,b6_cal_bal_n400_k000_fd,fd,400,6,balanced,0,0,0.25,0.50,500,500,46,10,0,.10,1,5,quantile,observed
G400,3,G400_bal_n400_k000_c050,b6_cal_bal_n400_k000_fd,fd,400,6,balanced,0,0,0.50,0.75,500,500,46,10,0,.10,1,5,quantile,observed
G400,4,G400_bal_n400_k100_c010,b6_cal_bal_n400_k100_fd,fd,400,6,balanced,0,1,0.10,0.35,500,500,46,10,0,.10,1,5,quantile,observed
G400,5,G400_bal_n400_k100_c025,b6_cal_bal_n400_k100_fd,fd,400,6,balanced,0,1,0.25,0.50,500,500,46,10,0,.10,1,5,quantile,observed
G400,6,G400_bal_n400_k100_c050,b6_cal_bal_n400_k100_fd,fd,400,6,balanced,0,1,0.50,0.75,500,500,46,10,0,.10,1,5,quantile,observed
G800,7,G800_bal_n800_k000_c010,b6_cal_bal_n800_k000_fd,fd,800,6,balanced,0,0,0.10,0.35,500,500,46,10,0,.10,1,5,quantile,observed
G800,8,G800_bal_n800_k000_c025,b6_cal_bal_n800_k000_fd,fd,800,6,balanced,0,0,0.25,0.50,500,500,46,10,0,.10,1,5,quantile,observed
G800,9,G800_bal_n800_k000_c050,b6_cal_bal_n800_k000_fd,fd,800,6,balanced,0,0,0.50,0.75,500,500,46,10,0,.10,1,5,quantile,observed
G800,10,G800_bal_n800_k100_c010,b6_cal_bal_n800_k100_fd,fd,800,6,balanced,0,1,0.10,0.35,500,500,46,10,0,.10,1,5,quantile,observed
G800,11,G800_bal_n800_k100_c025,b6_cal_bal_n800_k100_fd,fd,800,6,balanced,0,1,0.25,0.50,500,500,46,10,0,.10,1,5,quantile,observed
G800,12,G800_bal_n800_k100_c050,b6_cal_bal_n800_k100_fd,fd,800,6,balanced,0,1,0.50,0.75,500,500,46,10,0,.10,1,5,quantile,observed
